Position,Company,Location,URL
개발자(C#  SQL  JAVA  Spring  WEB)의 전체 세부 정보,비에스엔씨,서울,https://kr.indeed.com//rc/clk?jk=25ef7097766ac323&fccid=eec1bb2c6d275cef&vjs=3
IT분야 경력직원의 전체 세부 정보,우리에프아이에스,서울 마포구,https://kr.indeed.com//rc/clk?jk=062dec4782ba0ef1&fccid=55bdd8211be46c4f&vjs=3
RNA Systems 웹개발자 인턴의 전체 세부 정보,RNAGroup,서울 종로구,https://kr.indeed.com//rc/clk?jk=853347a2d26d4d03&fccid=3af1178e35a7a9a9&vjs=3
웹  서버 개발자 영입의 전체 세부 정보,핀크,서울 중구,https://kr.indeed.com//rc/clk?jk=6897efd79d43540a&fccid=1454b55460a78093&vjs=3
웹 개발자(신입)의 전체 세부 정보,이롭게,서울,https://kr.indeed.com//rc/clk?jk=e0c5eaad710891da&fccid=ebd2ee3ef127e901&vjs=3
[온오프믹스]개발자 (신입/경력) - 백엔드의 전체 세부 정보,온오프믹스,서울 강남구,https://kr.indeed.com//rc/clk?jk=ddfd22f16071971a&fccid=e4e1914d35f60853&vjs=3
시스템 개발/운영 부문 경력(Java/Spring)의 전체 세부 정보,현대오토에버,서울 강남구,https://kr.indeed.com//rc/clk?jk=f2da2d1d751f6040&fccid=d5a22a3e93377742&vjs=3
전국렌터카공제조합 [JAVA/JSP/SPRING] IT 개발 신입/경력의 전체 세부 정보,전국렌터카공제조합,서울 광진구,https://kr.indeed.com//rc/clk?jk=721764671ea771cc&fccid=8833461e3072c0d4&vjs=3
각 부문 경력직원 공개의 전체 세부 정보,다올저축은행,서울 강남구,https://kr.indeed.com//rc/clk?jk=388417f5f3597f98&fccid=1ee2d67e750ae5bd&vjs=3
웹개발  데이터베이스개발자 신입/경력의 전체 세부 정보,에스앤유에이치벤처,서울 종로구,https://kr.indeed.com//rc/clk?jk=a17e3a8e79e9620f&fccid=8d616ccdb03ca50d&vjs=3
[MIDAS] 백엔드 개발자의 전체 세부 정보,마이다스아이티,성남 분당구,https://kr.indeed.com//rc/clk?jk=19bd0b29cdefc306&fccid=edcd227a9e2de391&vjs=3
자바 웹개발자 신입의 전체 세부 정보,코닉글로리,서울 강남구,https://kr.indeed.com//rc/clk?jk=77ddce60f5d54c44&fccid=eb47aca898bb7806&vjs=3
교보자산신탁 우수인재 상시등록시스템(DB) 오픈의 전체 세부 정보,교보자산신탁,서울 강남구,https://kr.indeed.com//rc/clk?jk=12152450b918ae3c&fccid=132c2c1157acfc98&vjs=3
백엔드개발자  모바일앱 개발자  블록체인 개발자 신입의 전체 세부 정보,와이즈텍,서울 용산구,https://kr.indeed.com//rc/clk?jk=52049395e06b34cb&fccid=8b01882cef0e8002&vjs=3
[신입/경력 3년이상] 함께 성장할 Java 개발자의 전체 세부 정보,클릭앤터치,서울 강남구,https://kr.indeed.com//rc/clk?jk=ff5123c4f28ee06b&fccid=d293e6ce2bba8f91&vjs=3
백엔드  JAVA 외 경력 계약직  프리랜서의 전체 세부 정보,프리아이브,서울 영등포구,https://kr.indeed.com//rc/clk?jk=71e551c545ef1aa6&fccid=1ea22dd4696fa108&vjs=3
[NHN Bugs] 티켓링크 서비스 담당 FE개발 경력의 전체 세부 정보,엔에이치엔벅스,성남 분당구,https://kr.indeed.com//rc/clk?jk=b61f2c2b693da73a&fccid=c735718f69fb3d0c&vjs=3
(주)바로저축은행 전산 경력직의 전체 세부 정보,바로저축은행,서울 강남구,https://kr.indeed.com//rc/clk?jk=e8a3217138cddf26&fccid=64654978c9b1907f&vjs=3
+++ (주)다비치안경체인 정보시스템팀 개발자(Java)의 전체 세부 정보,다비치안경체인,서울 용산구,https://kr.indeed.com//rc/clk?jk=f56ca66f1fd3010b&fccid=abfec09293eb3bb7&vjs=3
SI/SM 정규직 계약직 인재의 전체 세부 정보,창윤시스템,서울 성동구,https://kr.indeed.com//rc/clk?jk=f82780ec16e1a54a&fccid=551e09d2c492a638&vjs=3
[국내 유명그룹 지주사] Java web 개발 경력직의 전체 세부 정보,엔잡얼라이언스,서울 서초구,https://kr.indeed.com//rc/clk?jk=9e36cdc6c64cf44e&fccid=4e53d9c34402881c&vjs=3
Machine Learning Engineer의 전체 세부 정보,Bain & Company,서울,https://kr.indeed.com//company/Bain-&-Company/jobs/Machine-Learning-Engineer-2519a8cbd1f70358?fccid=48270b2eee62c2c6&vjs=3
Software Engineer의 전체 세부 정보,amdocs,서울,https://kr.indeed.com//rc/clk?jk=66a9ebcb44f5ce5a&fccid=3b6bf500a6749588&vjs=3
WEB/APP 개발 경력사원 채용의 전체 세부 정보,우리에프아이에스,서울 상암동,https://kr.indeed.com//rc/clk?jk=08c78689917cd750&fccid=55bdd8211be46c4f&vjs=3
[중견기업/IT계열] 데이타솔루션 클라우드 아키텍트의 전체 세부 정보,데이타솔루션,서울 강남구,https://kr.indeed.com//rc/clk?jk=ca65a605ffce55f9&fccid=c0bb85673012abca&vjs=3
국내 대기업 계열사 - Java기반 웹개발 경력자(대리-차장)의 전체 세부 정보,라피플코리아리미티드,서울,https://kr.indeed.com//rc/clk?jk=5f7dc11a36280519&fccid=28f5722fca6f5b12&vjs=3
캐피탈 IT 시스템 운영 대리급의 전체 세부 정보,코어포인트,서울 강남구,https://kr.indeed.com//rc/clk?jk=fa489e55622ce678&fccid=a71819ff34fb2d90&vjs=3
이마트에브리데이] 경력사원 모집의 전체 세부 정보,신세계,경기도,https://kr.indeed.com//rc/clk?jk=c761e00f821a0cff&fccid=eed009678593e037&vjs=3
[메타넷그룹] 메타넷티플랫폼 AWS Engineer 대규모의 전체 세부 정보,메타넷디지털,서울 종로구,https://kr.indeed.com//rc/clk?jk=a891e6da8dcddb6c&fccid=e59c6010b174abeb&vjs=3
상시지원 (Software Engineer)의 전체 세부 정보,Riiid Labs,서울,https://kr.indeed.com//rc/clk?jk=0911e44296f67947&fccid=933989f3b0ffe928&vjs=3
백엔드 엔지니어의 전체 세부 정보,에이블리코퍼레이션,서울,https://kr.indeed.com//rc/clk?jk=8ee64063e0a30d75&fccid=e98e3bb42308e608&vjs=3
백엔드 경력 정규직의 전체 세부 정보,라이트비전,서울 성동구,https://kr.indeed.com//rc/clk?jk=09a27c053e63aa14&fccid=e391d8e930358bac&vjs=3
JAVA 경력 개발자의 전체 세부 정보,코디얼,서울,https://kr.indeed.com//rc/clk?jk=473faef12294a783&fccid=051c0783d7d47574&vjs=3
Front-End(웹개발 신입/경력 )의 전체 세부 정보,넥스모어시스템즈,서울 성동구,https://kr.indeed.com//rc/clk?jk=347541901e04dda1&fccid=87523b4afe90779c&vjs=3
2022년 계약직 - 웹 개발의 전체 세부 정보,KBS미디어,서울 마포구,https://kr.indeed.com//rc/clk?jk=054f2fefac4253d4&fccid=76487f723e68a5c7&vjs=3
[JAVA/JSP/SPRING]웹프로그래머 경력 및 신입개발자의 전체 세부 정보,엠넷소프트,서울 금천구,https://kr.indeed.com//rc/clk?jk=4c15da1ec93bd016&fccid=a2d2f63a3036d053&vjs=3
(주)푸른새벽 웹/앱 프로그래머 팀원의 전체 세부 정보,푸른새벽,서울 영등포구,https://kr.indeed.com//rc/clk?jk=a14fe79cc82d9033&fccid=da308bf6bedd9bf5&vjs=3
핀테크(P2P) 스타트업 백엔드 개발자의 전체 세부 정보,경연파트너스,서울 영등포구,https://kr.indeed.com//rc/clk?jk=80c09f0688e35cc5&fccid=0f76eb1d9acd6c10&vjs=3
대기업계열 모빌리티 검색 엔진 개발의 전체 세부 정보,경연파트너스,서울 용산구,https://kr.indeed.com//rc/clk?jk=6663e7392d44c6dc&fccid=0f76eb1d9acd6c10&vjs=3
웹개발  백엔드 외 경력 정규직의 전체 세부 정보,아이티엔제이,울산 남구,https://kr.indeed.com//rc/clk?jk=7dbaa95d22eacd29&fccid=e2652b7e13d4cb4d&vjs=3
웹 시스템(MES) 운영/유지보수(구미) 경력 채용의 전체 세부 정보,한화그룹,서울,https://kr.indeed.com//rc/clk?jk=e5fc396938ad41d5&fccid=bd0dc1817223394f&vjs=3
중고차유통플랫폼 Front-end 개발자 (React.js 경험자 우대)의 전체 세부 정보,에이피서비스,서울 강남구,https://kr.indeed.com//rc/clk?jk=200caa862ba2ac67&fccid=561d63cf81871305&vjs=3
클라우드  JAVA 외 신입/경력의 전체 세부 정보,디더블유아이,서울 중구,https://kr.indeed.com//rc/clk?jk=0a39c012006a6add&fccid=e81bfb23aac22601&vjs=3
Java 개발자 충원의 전체 세부 정보,골든어스,서울 금천구,https://kr.indeed.com//rc/clk?jk=78e480242c70e8f6&fccid=9d3d09d9cbc2f1c8&vjs=3
[파크앤소프트] WEB(Java  Spring) 개발자의 전체 세부 정보,파크앤소프트,서울 송파구,https://kr.indeed.com//rc/clk?jk=88ad24f51ba71cc2&fccid=d6b9e5d1c021a103&vjs=3
웹 백엔드 프로그래머의 전체 세부 정보,자이언트스텝,서울 강남구,https://kr.indeed.com//rc/clk?jk=8fa90504c7ad5215&fccid=d9feddeccf39e847&vjs=3
소프트웨어(웹개발) 팀장의 전체 세부 정보,한국IOT기술원,경기도 의왕,https://kr.indeed.com//rc/clk?jk=55a32f42e858cd97&fccid=8fe20be925825311&vjs=3
[JAVA/JSP/SPRING]웹프로그래머 신입개발자의 전체 세부 정보,엠넷소프트,서울 금천구,https://kr.indeed.com//rc/clk?jk=441496e39b9939d9&fccid=a2d2f63a3036d053&vjs=3
Backend Developer (JAVA) 개발자의 전체 세부 정보,인라이플,서울 구로구,https://kr.indeed.com//rc/clk?jk=a7abaf557c2ddfa5&fccid=25a5f8f961de7852&vjs=3
한화손해보험 영업지원(SFA) 운영 경력 채용의 전체 세부 정보,한화그룹,서울,https://kr.indeed.com//rc/clk?jk=bb48d449d474c7f3&fccid=bd0dc1817223394f&vjs=3
JAVA 솔루션 개발의 전체 세부 정보,벨아이앤에스,서울 중구,https://kr.indeed.com//rc/clk?jk=87937917c968fd79&fccid=02d8d771dc122d69&vjs=3
Web Frontend/Backend의 전체 세부 정보,람다256,서울 서초구,https://kr.indeed.com//rc/clk?jk=044e388167c8100e&fccid=f3f68c6b34635a69&vjs=3
[입사지원서] DP부문 온라인IT팀 정보보안팀 수시의 전체 세부 정보,신성통상,서울 강동구,https://kr.indeed.com//rc/clk?jk=7feafcc430a3e243&fccid=159b17872a704471&vjs=3
Java Spring 기반 웹 개발자 (신입 개발자  경력 초급 개발자 )의 전체 세부 정보,미래지기,성남 수정구,https://kr.indeed.com//rc/clk?jk=bc73434ef71ed6d6&fccid=90c098b2f80a84b6&vjs=3
백엔드 개발자  모바일앱 개발자  블록체인 개발자 경력직의 전체 세부 정보,와이즈텍,서울 용산구,https://kr.indeed.com//rc/clk?jk=54761d6b1b4fd029&fccid=8b01882cef0e8002&vjs=3
백엔드개발자  모바일앱개발  블록체인개발자 경력 정규직의 전체 세부 정보,와이즈텍,서울 용산구,https://kr.indeed.com//rc/clk?jk=298c41af7805baaf&fccid=8b01882cef0e8002&vjs=3
SI/SM 정규직 계약직의 전체 세부 정보,창윤시스템,서울 성동구,https://kr.indeed.com//rc/clk?jk=59f04c502289499b&fccid=551e09d2c492a638&vjs=3
Back-end Engineer (신입/경력)의 전체 세부 정보,씨앤에이아이,대전 유성구,https://kr.indeed.com//rc/clk?jk=1f89f012e49b811c&fccid=a3f6cd024b61c302&vjs=3
마이데이터 핀테크 스타트업 백엔드개발의 전체 세부 정보,경연파트너스,서울,https://kr.indeed.com//rc/clk?jk=213f6620d003a796&fccid=0f76eb1d9acd6c10&vjs=3
대형 캐피탈회사 IT개발(시스템/모바일) 경력의 전체 세부 정보,코어포인트,서울 강남구,https://kr.indeed.com//rc/clk?jk=2fadde415d81fcf7&fccid=a71819ff34fb2d90&vjs=3
마이데이터 핀테크 스타트업 백엔드개발의 전체 세부 정보,경연파트너스,서울,https://kr.indeed.com//rc/clk?jk=213f6620d003a796&fccid=0f76eb1d9acd6c10&vjs=3
[BENETTON KOREA/베네통코리아] IT 웹 개발자의 전체 세부 정보,베네통코리아,서울 서초구,https://kr.indeed.com//rc/clk?jk=bfb4b5879f95f30f&fccid=e47eb7d0ad489d70&vjs=3
Backend Engineer의 전체 세부 정보,Riiid Labs,서울,https://kr.indeed.com//rc/clk?jk=ef4b71bf671a7efb&fccid=933989f3b0ffe928&vjs=3
검색서비스개발 담당자의 전체 세부 정보,커넥트웨이브,서울 양천구,https://kr.indeed.com//rc/clk?jk=403706256ecf2dd0&fccid=318010df9248eabf&vjs=3
[신입/경력] 모바일앱/서버/블록체인 개발직군 정규직의 전체 세부 정보,블랍스,서울 서초구,https://kr.indeed.com//rc/clk?jk=08f89e942c7621c4&fccid=7f161a41d9bc8cfc&vjs=3
[신입/경력] Java 개발자 (전주지사 근무)의 전체 세부 정보,포인트아이,전주 완산구,https://kr.indeed.com//rc/clk?jk=c6cfe20176a78ffb&fccid=da880234aa818777&vjs=3
Java 웹 개발 신입/경력/PM의 전체 세부 정보,시큐어비즈,서울 중랑구,https://kr.indeed.com//rc/clk?jk=45b3d241e3f0ce1a&fccid=5f63f5e3dfd5fc9d&vjs=3
E-커머스 분야 백엔드 서비스 개발 (Oracle  Java  Spring)의 전체 세부 정보,에이플러스,서울 동작구,https://kr.indeed.com//rc/clk?jk=61c75bf271391a31&fccid=97ad0a014a3f8aac&vjs=3
중화권 대상 쇼핑 플랫폼 카요 BackEnd 개발 부문의 전체 세부 정보,카요,서울 종로구,https://kr.indeed.com//rc/clk?jk=5ba060c7315de8f3&fccid=fea05c51be245d75&vjs=3
스타트업 커머셜 서비스 서버/프론트 개발자의 전체 세부 정보,경연파트너스,서울 서초구,https://kr.indeed.com//rc/clk?jk=e1709a93a417bffc&fccid=0f76eb1d9acd6c10&vjs=3
핀테크 플랫폼 개발의 전체 세부 정보,NHN PAYCO,성남 판교역,https://kr.indeed.com//rc/clk?jk=ed092cebbdf903d9&fccid=cc378bd7bc831eca&vjs=3
[몽타(주)] 개발팀 JAVA 경력 개발자의 전체 세부 정보,몽타,서울 구로구,https://kr.indeed.com//rc/clk?jk=a9f64f84afcae915&fccid=f20d180871c5d615&vjs=3
[중견기업/IT계열] 서비스사업부문 Front-End 및 Back-End 개발자의 전체 세부 정보,데이타솔루션,서울 강남구,https://kr.indeed.com//rc/clk?jk=6897bce070d7c061&fccid=c0bb85673012abca&vjs=3
[개발자] 백엔드개발자(광고플랫폼) 채용의 전체 세부 정보,Mobidays,서울특별시,https://kr.indeed.com//rc/clk?jk=f7b80866ecfa53dc&fccid=acd3976162a993e4&vjs=3
JAVA(Spring/eGOV) Back-end 신입사원의 전체 세부 정보,소통파이브,대구 북구,https://kr.indeed.com//rc/clk?jk=aba7ed4f2497927f&fccid=7b105d50b190354c&vjs=3
Mentor - Software Engineering Career Track (Part-time/Remote),Springboard,Anywhere in the World,https://weworkremotely.com//remote-jobs/springboard-mentor-software-engineering-career-track-part-time-remote-3
